Sequence,Story Title,Backend Development Tasks,Frontend Development Tasks,Status ,Comment 
1,Partner Store,"Model/schema, CRUD API, auth, validation, audit logging","List views, detail/edit forms, validation UI",,
2,Product Store,"Schema/API for product catalog, classification logic","Product catalog UI, filtering, detail views",,
3,Order/Transaction Store,"Order tracking schema, workflow APIs, state management","Order dashboards, filtering, detail screens",,
4,Rule Store,"Rule engine APIs, versioning, simulation endpoints","Rule builder UI, history views, simulation preview",,
5,Audit Store,"Immutable logs storage, query APIs, export","Audit log UI, search/filter, export buttons",,
6,License Vault,"License DB, association APIs, status tracking","License listing UI, expiry alerts",,
7,Onboarding/Calibration,"Org/user management APIs, AI calibration service","Onboarding wizard UI, setup forms",,
8,Embedded Integration,"Connectors, sync APIs, integration logging","Integration status UI, in-workflow action components",,
9,Exception Management,"Exception queue, escalation APIs, attachment management","Exception dashboards, commenting, file upload",,
10,Document Management,"Doc storage APIs, OCR/NLP services, classification","Document viewer, upload UI, AI-enhanced insight display",,
11,Regulatory Updates,"Rule ingestion, change tracking API",Dashboard widgets for regulatory impact,,
12,Security & Residency,"SSO, MFA, RBAC, encryption, compliance with data locality","Login screens, role aware UI",,
13,Self-Service Customization,"Custom workflow/rule backend API, metadata API","Drag-and-drop UI, workflow/rule editor",,
14,Explainable AI,AI reasoning and audit trail APIs,"Reason cards UI, confidence score visualization",,
15,Continuous Audit,"Gap detection services, audit pack generators","Audit dashboards, quick exports",,
16,Training & Support,"Certification trackers, content delivery APIs","Guided tours, training UI",,
17,Compliance Dashboard,"KPI aggregator, alerts API, notification backend","Dashboard cards, stats views, alerts UI",,
18,Navigation Tabs/Pages,"User prefs API, role based view API","Tab/page UI, sticky navigation",,
19,Role-Based Views,Role-based API filters,Dynamic UI rendering per role,,
20,Smart Filters & Bulk Actions,"Filtering API, batch action endpoints","Filter UI, multi-select, bulk action buttons",,
21,Toggle/Action Panels,"Status update endpoints, contextual APIs","Action buttons UI, toggle switches",,
22,Customizable Pages,Layout save/load API,"Widget drag/drop UI, pinning",,
23,Drill-Downs / Linked Views,"Detailed object APIs, linked entity fetchers","Drill-down UI, modals/popups",,
24,In-App Notification Center,Notification push backend APIs,Notification panel UI,,
25,Embedded Copilot/Assistant,"AI assistant backend, real-time action APIs","Embedded AI UI, chat widgets",,
26,Predictive/Proactive Actions,"Prediction engine APIs, alert triggers","Alerts UI, risk preview widgets",,
27,Collaboration on Metrics,"Commenting APIs, audit trail storage","Inline comment UI, tagging UI",,
28,Bookmarking/Quick Sets,Bookmark storage APIs,"Bookmark UI, management widgets",,
29,Timeline / History Mode,"Event log APIs, rollback endpoints","Timeline UI, event playback",,
30,Focus / Distraction-Free Mode,UI state/save APIs,"Focus toggle UI, minimal distraction mode",,
31,Advanced Audit/Regulator,"Regulator API integration, predictive scoring",Regulator dashboard UI,,
32,Mobile/Remote Capabilities,"Offline sync APIs, mobile data syncing",Responsive/mobile UI,,
33,Data Privacy,"Data privacy policy APIs, DSAR management",Privacy settings UI,,
34,ESG / Supply Chain,"ESG tracking APIs, supplier graph API","ESG dashboards, traceability UI",,
35,Localization/Accessibility,"Internationalization APIs, accessibility services","RTL, language selector, keyboard/a11y support",,
36,Change Mgmt / Testing,"Shadow mode APIs, automated rollback",Config approval flows UI,,
37,Business Model Features,"Billing APIs, white-label config",Partner dashboard UI,,
38,Tech/Non-Functional,"SLA monitoring, high availability, SDK extensibility",System monitoring UI,,
39,Integration Marketplace,API marketplace APIs,Marketplace UI,,
40,Greenfield Innovation,"Quantum-safe modules, AI healing engines",Innovation showcase UI,,
41,B2B/Ecosystem Features,Partner monetization APIs,"API marketplace UI, partner tools UI",,
42,Regulatory Evolution,Adaptive AI-powered compliance APIs,Regulation mapping UI,,
